Kod TERYT,Nazwa województwa,Rok zgonu,Miesiąc zgonu,Zgony kobiet Przedział wiekowy 0-64 lata,Zgony kobiet Przedział wiekowy 65 lat i więcej,Zgony mężczyn Przedział wiekowy 0-64 lata,Zgony mężczyzn Przedział wiekowy 65 lat i więcej
2,DOLNOŚLĄSKIE,2022,1,258,1693,555,1370
2,DOLNOŚLĄSKIE,2022,2,203,1440,419,1191
2,DOLNOŚLĄSKIE,2022,3,216,1383,434,1187
2,DOLNOŚLĄSKIE,2022,4,188,1241,437,1062
2,DOLNOŚLĄSKIE,2022,5,177,1130,407,990
2,DOLNOŚLĄSKIE,2022,6,191,1083,429,931
2,DOLNOŚLĄSKIE,2022,7,193,1106,383,930
2,DOLNOŚLĄSKIE,2022,8,174,1116,425,970
4,KUJAWSKO-POMORSKIE,2022,1,162,1047,387,929
4,KUJAWSKO-POMORSKIE,2022,2,130,935,308,779
4,KUJAWSKO-POMORSKIE,2022,3,154,975,274,806
4,KUJAWSKO-POMORSKIE,2022,4,120,870,293,646
4,KUJAWSKO-POMORSKIE,2022,5,127,800,281,626
4,KUJAWSKO-POMORSKIE,2022,6,105,797,272,647
4,KUJAWSKO-POMORSKIE,2022,7,141,748,269,610
4,KUJAWSKO-POMORSKIE,2022,8,129,780,261,638
6,LUBELSKIE,2022,1,149,1140,351,902
6,LUBELSKIE,2022,2,106,1056,303,834
6,LUBELSKIE,2022,3,102,981,304,830
6,LUBELSKIE,2022,4,122,914,295,730
6,LUBELSKIE,2022,5,87,794,302,701
6,LUBELSKIE,2022,6,116,778,308,694
6,LUBELSKIE,2022,7,102,783,310,668
6,LUBELSKIE,2022,8,96,791,298,662
8,LUBUSKIE,2022,1,83,474,194,418
8,LUBUSKIE,2022,2,67,432,150,372
8,LUBUSKIE,2022,3,73,452,172,370
8,LUBUSKIE,2022,4,73,403,146,367
8,LUBUSKIE,2022,5,74,317,160,369
8,LUBUSKIE,2022,6,62,344,141,298
8,LUBUSKIE,2022,7,81,359,140,279
8,LUBUSKIE,2022,8,71,357,171,344
10,ŁÓDZKIE,2022,1,207,1659,465,1269
10,ŁÓDZKIE,2022,2,170,1344,425,1070
10,ŁÓDZKIE,2022,3,187,1290,417,1076
10,ŁÓDZKIE,2022,4,193,1218,429,920
10,ŁÓDZKIE,2022,5,148,1123,391,887
10,ŁÓDZKIE,2022,6,151,1097,413,827
10,ŁÓDZKIE,2022,7,143,1055,378,881
10,ŁÓDZKIE,2022,8,174,1157,389,896
12,MAŁOPOLSKIE,2022,1,244,1746,532,1492
12,MAŁOPOLSKIE,2022,2,132,1565,465,1294
12,MAŁOPOLSKIE,2022,3,164,1418,481,1154
12,MAŁOPOLSKIE,2022,4,153,1287,396,1093
12,MAŁOPOLSKIE,2022,5,148,1155,447,983
12,MAŁOPOLSKIE,2022,6,148,1099,414,998
12,MAŁOPOLSKIE,2022,7,150,1157,425,1000
12,MAŁOPOLSKIE,2022,8,154,1172,401,1031
14,MAZOWIECKIE,2022,1,374,2820,982,2396
14,MAZOWIECKIE,2022,2,292,2591,721,2117
14,MAZOWIECKIE,2022,3,305,2534,825,1995
14,MAZOWIECKIE,2022,4,279,2223,749,1888
14,MAZOWIECKIE,2022,5,266,2144,701,1769
14,MAZOWIECKIE,2022,6,254,2068,723,1654
14,MAZOWIECKIE,2022,7,298,2081,703,1621
14,MAZOWIECKIE,2022,8,295,2256,724,1725
16,OPOLSKIE,2022,1,66,564,203,448
16,OPOLSKIE,2022,2,55,461,153,431
16,OPOLSKIE,2022,3,58,446,136,370
16,OPOLSKIE,2022,4,57,410,148,361
16,OPOLSKIE,2022,5,53,380,142,362
16,OPOLSKIE,2022,6,53,321,119,296
16,OPOLSKIE,2022,7,58,375,135,323
16,OPOLSKIE,2022,8,44,401,123,316
18,PODKARPACKIE,2022,1,142,1113,346,944
18,PODKARPACKIE,2022,2,90,951,312,789
18,PODKARPACKIE,2022,3,98,817,276,719
18,PODKARPACKIE,2022,4,94,717,262,624
18,PODKARPACKIE,2022,5,83,672,289,638
18,PODKARPACKIE,2022,6,91,682,253,572
18,PODKARPACKIE,2022,7,95,652,232,575
18,PODKARPACKIE,2022,8,94,693,245,588
20,PODLASKIE,2022,1,67,563,212,503
20,PODLASKIE,2022,2,74,560,181,476
20,PODLASKIE,2022,3,56,529,173,467
20,PODLASKIE,2022,4,53,448,167,398
20,PODLASKIE,2022,5,46,413,171,375
20,PODLASKIE,2022,6,57,416,165,375
20,PODLASKIE,2022,7,50,424,162,320
20,PODLASKIE,2022,8,55,458,180,374
22,POMORSKIE,2022,1,167,1184,392,1004
22,POMORSKIE,2022,2,149,994,290,898
22,POMORSKIE,2022,3,140,900,299,807
22,POMORSKIE,2022,4,136,900,324,763
22,POMORSKIE,2022,5,124,797,306,731
22,POMORSKIE,2022,6,136,738,290,690
22,POMORSKIE,2022,7,128,769,323,718
22,POMORSKIE,2022,8,143,888,341,830
24,ŚLĄSKIE,2022,1,406,2742,885,2212
24,ŚLĄSKIE,2022,2,321,2344,684,2049
24,ŚLĄSKIE,2022,3,324,2011,766,1738
24,ŚLĄSKIE,2022,4,298,1897,699,1670
24,ŚLĄSKIE,2022,5,312,1854,667,1592
24,ŚLĄSKIE,2022,6,298,1710,708,1489
24,ŚLĄSKIE,2022,7,275,1779,655,1512
24,ŚLĄSKIE,2022,8,301,1838,662,1633
26,ŚWIĘTOKRZYSKIE,2022,1,112,730,231,683
26,ŚWIĘTOKRZYSKIE,2022,2,78,661,202,613
26,ŚWIĘTOKRZYSKIE,2022,3,76,576,192,552
26,ŚWIĘTOKRZYSKIE,2022,4,72,543,203,439
26,ŚWIĘTOKRZYSKIE,2022,5,71,560,185,441
26,ŚWIĘTOKRZYSKIE,2022,6,62,443,167,440
26,ŚWIĘTOKRZYSKIE,2022,7,65,484,178,466
26,ŚWIĘTOKRZYSKIE,2022,8,58,507,187,445
28,WARMIŃSKO-MAZURSKIE,2022,1,131,737,243,586
28,WARMIŃSKO-MAZURSKIE,2022,2,81,607,200,536
28,WARMIŃSKO-MAZURSKIE,2022,3,82,561,229,580
28,WARMIŃSKO-MAZURSKIE,2022,4,88,554,214,511
28,WARMIŃSKO-MAZURSKIE,2022,5,82,504,224,423
28,WARMIŃSKO-MAZURSKIE,2022,6,89,464,238,414
28,WARMIŃSKO-MAZURSKIE,2022,7,90,464,234,401
28,WARMIŃSKO-MAZURSKIE,2022,8,86,484,232,425
30,WIELKOPOLSKIE,2022,1,246,1724,581,1456
30,WIELKOPOLSKIE,2022,2,224,1508,470,1299
30,WIELKOPOLSKIE,2022,3,215,1426,472,1303
30,WIELKOPOLSKIE,2022,4,200,1327,504,1121
30,WIELKOPOLSKIE,2022,5,162,1181,490,1051
30,WIELKOPOLSKIE,2022,6,205,1125,485,974
30,WIELKOPOLSKIE,2022,7,215,1185,450,1035
30,WIELKOPOLSKIE,2022,8,195,1271,469,1032
32,ZACHODNIOPOMORSKIE,2022,1,136,919,364,778
32,ZACHODNIOPOMORSKIE,2022,2,111,741,232,630
32,ZACHODNIOPOMORSKIE,2022,3,99,751,260,689
32,ZACHODNIOPOMORSKIE,2022,4,116,675,253,602
32,ZACHODNIOPOMORSKIE,2022,5,111,655,246,601
32,ZACHODNIOPOMORSKIE,2022,6,118,602,271,558
32,ZACHODNIOPOMORSKIE,2022,7,124,601,272,568
32,ZACHODNIOPOMORSKIE,2022,8,119,635,229,605
2,DOLNOŚLĄSKIE,2021,1,219,1543,556,1412
2,DOLNOŚLĄSKIE,2021,2,182,1238,465,1126
2,DOLNOŚLĄSKIE,2021,3,288,1574,612,1461
2,DOLNOŚLĄSKIE,2021,4,325,1787,690,1696
2,DOLNOŚLĄSKIE,2021,5,234,1305,552,1184
2,DOLNOŚLĄSKIE,2021,6,198,1103,426,910
2,DOLNOŚLĄSKIE,2021,7,186,1107,415,948
2,DOLNOŚLĄSKIE,2021,8,187,1096,409,856
2,DOLNOŚLĄSKIE,2021,9,206,1113,438,927
2,DOLNOŚLĄSKIE,2021,10,212,1210,441,1010
2,DOLNOŚLĄSKIE,2021,11,207,1554,474,1277
2,DOLNOŚLĄSKIE,2021,12,316,2087,666,1688
4,KUJAWSKO-POMORSKIE,2021,1,173,1222,412,1220
4,KUJAWSKO-POMORSKIE,2021,2,168,970,317,842
4,KUJAWSKO-POMORSKIE,2021,3,168,1197,408,1038
4,KUJAWSKO-POMORSKIE,2021,4,216,1183,413,1114
4,KUJAWSKO-POMORSKIE,2021,5,157,899,352,803
4,KUJAWSKO-POMORSKIE,2021,6,147,704,330,615
4,KUJAWSKO-POMORSKIE,2021,7,132,785,309,633
4,KUJAWSKO-POMORSKIE,2021,8,139,727,299,649
4,KUJAWSKO-POMORSKIE,2021,9,119,762,272,611
4,KUJAWSKO-POMORSKIE,2021,10,138,803,320,717
4,KUJAWSKO-POMORSKIE,2021,11,178,1044,385,882
4,KUJAWSKO-POMORSKIE,2021,12,225,1310,461,1139
6,LUBELSKIE,2021,1,132,1171,398,1069
6,LUBELSKIE,2021,2,130,996,319,842
6,LUBELSKIE,2021,3,141,1141,369,1038
6,LUBELSKIE,2021,4,167,1183,402,1005
6,LUBELSKIE,2021,5,144,945,355,831
6,LUBELSKIE,2021,6,110,860,336,711
6,LUBELSKIE,2021,7,110,853,310,672
6,LUBELSKIE,2021,8,101,802,286,652
6,LUBELSKIE,2021,9,109,824,298,718
6,LUBELSKIE,2021,10,182,1225,426,1009
6,LUBELSKIE,2021,11,228,1799,508,1322
6,LUBELSKIE,2021,12,200,1454,430,1119
8,LUBUSKIE,2021,1,89,530,233,529
8,LUBUSKIE,2021,2,73,485,167,435
8,LUBUSKIE,2021,3,98,593,237,576
8,LUBUSKIE,2021,4,99,568,227,500
8,LUBUSKIE,2021,5,82,415,187,341
8,LUBUSKIE,2021,6,78,361,176,323
8,LUBUSKIE,2021,7,64,362,166,302
8,LUBUSKIE,2021,8,57,342,152,308
8,LUBUSKIE,2021,9,64,350,180,321
8,LUBUSKIE,2021,10,61,403,209,332
8,LUBUSKIE,2021,11,92,476,185,397
8,LUBUSKIE,2021,12,112,660,272,597
10,ŁÓDZKIE,2021,1,234,1607,523,1329
10,ŁÓDZKIE,2021,2,180,1211,457,966
10,ŁÓDZKIE,2021,3,251,1517,497,1297
10,ŁÓDZKIE,2021,4,248,1705,560,1506
10,ŁÓDZKIE,2021,5,212,1342,463,1051
10,ŁÓDZKIE,2021,6,188,1151,420,859
10,ŁÓDZKIE,2021,7,144,1048,408,873
10,ŁÓDZKIE,2021,8,158,1014,402,867
10,ŁÓDZKIE,2021,9,177,1125,376,905
10,ŁÓDZKIE,2021,10,162,1237,410,951
10,ŁÓDZKIE,2021,11,236,1602,502,1246
10,ŁÓDZKIE,2021,12,291,1949,624,1539
12,MAŁOPOLSKIE,2021,1,204,1393,507,1258
12,MAŁOPOLSKIE,2021,2,172,1248,389,1119
12,MAŁOPOLSKIE,2021,3,211,1686,502,1549
12,MAŁOPOLSKIE,2021,4,275,1871,615,1761
12,MAŁOPOLSKIE,2021,5,214,1422,489,1295
12,MAŁOPOLSKIE,2021,6,182,1185,415,987
12,MAŁOPOLSKIE,2021,7,146,1156,453,993
12,MAŁOPOLSKIE,2021,8,164,1134,415,966
12,MAŁOPOLSKIE,2021,9,143,1125,410,1068
12,MAŁOPOLSKIE,2021,10,195,1329,413,1154
12,MAŁOPOLSKIE,2021,11,202,1688,506,1451
12,MAŁOPOLSKIE,2021,12,304,2295,675,1872
14,MAZOWIECKIE,2021,1,388,2948,914,2582
14,MAZOWIECKIE,2021,2,343,2477,811,2163
14,MAZOWIECKIE,2021,3,414,3122,1087,2829
14,MAZOWIECKIE,2021,4,437,3130,1087,2811
14,MAZOWIECKIE,2021,5,372,2365,900,1972
14,MAZOWIECKIE,2021,6,302,2197,764,1752
14,MAZOWIECKIE,2021,7,281,2090,790,1704
14,MAZOWIECKIE,2021,8,260,2052,727,1559
14,MAZOWIECKIE,2021,9,289,2137,712,1705
14,MAZOWIECKIE,2021,10,339,2371,818,2023
14,MAZOWIECKIE,2021,11,450,3247,1043,2669
14,MAZOWIECKIE,2021,12,515,3618,1143,2975
16,OPOLSKIE,2021,1,64,479,177,449
16,OPOLSKIE,2021,2,57,448,141,337
16,OPOLSKIE,2021,3,71,508,212,445
16,OPOLSKIE,2021,4,98,576,208,519
16,OPOLSKIE,2021,5,66,436,164,440
16,OPOLSKIE,2021,6,52,385,145,327
16,OPOLSKIE,2021,7,63,366,120,313
16,OPOLSKIE,2021,8,67,342,150,301
16,OPOLSKIE,2021,9,50,404,140,295
16,OPOLSKIE,2021,10,62,444,144,333
16,OPOLSKIE,2021,11,67,545,191,437
16,OPOLSKIE,2021,12,105,760,254,687
18,PODKARPACKIE,2021,1,103,934,294,831
18,PODKARPACKIE,2021,2,86,838,285,737
18,PODKARPACKIE,2021,3,165,1203,384,1125
18,PODKARPACKIE,2021,4,182,1140,393,1134
18,PODKARPACKIE,2021,5,114,788,284,710
18,PODKARPACKIE,2021,6,109,720,271,619
18,PODKARPACKIE,2021,7,102,680,258,581
18,PODKARPACKIE,2021,8,86,685,280,537
18,PODKARPACKIE,2021,9,93,665,256,619
18,PODKARPACKIE,2021,10,98,854,309,712
18,PODKARPACKIE,2021,11,163,1205,348,1039
18,PODKARPACKIE,2021,12,167,1445,443,1214
20,PODLASKIE,2021,1,106,621,231,605
20,PODLASKIE,2021,2,69,625,199,571
20,PODLASKIE,2021,3,89,645,221,611
20,PODLASKIE,2021,4,86,573,241,519
20,PODLASKIE,2021,5,62,481,188,398
20,PODLASKIE,2021,6,62,447,172,364
20,PODLASKIE,2021,7,62,424,166,375
20,PODLASKIE,2021,8,60,418,160,347
20,PODLASKIE,2021,9,51,456,148,391
20,PODLASKIE,2021,10,74,626,217,554
20,PODLASKIE,2021,11,100,997,294,799
20,PODLASKIE,2021,12,106,779,242,688
22,POMORSKIE,2021,1,209,1200,371,1172
22,POMORSKIE,2021,2,140,946,347,953
22,POMORSKIE,2021,3,184,1141,422,1058
22,POMORSKIE,2021,4,167,1081,424,1050
22,POMORSKIE,2021,5,164,875,364,760
22,POMORSKIE,2021,6,145,813,329,738
22,POMORSKIE,2021,7,145,691,290,695
22,POMORSKIE,2021,8,150,769,293,689
22,POMORSKIE,2021,9,127,813,295,686
22,POMORSKIE,2021,10,123,815,334,796
22,POMORSKIE,2021,11,141,1054,366,915
22,POMORSKIE,2021,12,202,1376,478,1281
24,ŚLĄSKIE,2021,1,362,2339,864,2154
24,ŚLĄSKIE,2021,2,351,1913,691,1802
24,ŚLĄSKIE,2021,3,489,2702,976,2581
24,ŚLĄSKIE,2021,4,530,3014,1187,3140
24,ŚLĄSKIE,2021,5,375,2206,878,2029
24,ŚLĄSKIE,2021,6,343,1833,723,1561
24,ŚLĄSKIE,2021,7,280,1806,708,1479
24,ŚLĄSKIE,2021,8,293,1732,672,1502
24,ŚLĄSKIE,2021,9,303,1793,641,1527
24,ŚLĄSKIE,2021,10,335,1972,656,1693
24,ŚLĄSKIE,2021,11,383,2267,827,2153
24,ŚLĄSKIE,2021,12,508,3364,1148,2993
26,ŚWIĘTOKRZYSKIE,2021,1,78,699,229,553
26,ŚWIĘTOKRZYSKIE,2021,2,69,569,192,544
26,ŚWIĘTOKRZYSKIE,2021,3,85,760,264,786
26,ŚWIĘTOKRZYSKIE,2021,4,130,880,331,773
26,ŚWIĘTOKRZYSKIE,2021,5,77,597,236,573
26,ŚWIĘTOKRZYSKIE,2021,6,69,572,206,475
26,ŚWIĘTOKRZYSKIE,2021,7,61,499,190,426
26,ŚWIĘTOKRZYSKIE,2021,8,70,486,190,437
26,ŚWIĘTOKRZYSKIE,2021,9,61,523,183,455
26,ŚWIĘTOKRZYSKIE,2021,10,92,559,221,485
26,ŚWIĘTOKRZYSKIE,2021,11,89,747,251,632
26,ŚWIĘTOKRZYSKIE,2021,12,127,908,292,763
28,WARMIŃSKO-MAZURSKIE,2021,1,124,843,303,749
28,WARMIŃSKO-MAZURSKIE,2021,2,113,584,240,572
28,WARMIŃSKO-MAZURSKIE,2021,3,131,747,286,752
28,WARMIŃSKO-MAZURSKIE,2021,4,124,701,324,606
28,WARMIŃSKO-MAZURSKIE,2021,5,107,583,245,466
28,WARMIŃSKO-MAZURSKIE,2021,6,92,417,239,414
28,WARMIŃSKO-MAZURSKIE,2021,7,74,498,231,418
28,WARMIŃSKO-MAZURSKIE,2021,8,75,472,205,428
28,WARMIŃSKO-MAZURSKIE,2021,9,76,498,244,392
28,WARMIŃSKO-MAZURSKIE,2021,10,86,525,248,507
28,WARMIŃSKO-MAZURSKIE,2021,11,109,689,259,586
28,WARMIŃSKO-MAZURSKIE,2021,12,115,919,335,769
30,WIELKOPOLSKIE,2021,1,280,1759,641,1652
30,WIELKOPOLSKIE,2021,2,193,1346,526,1220
30,WIELKOPOLSKIE,2021,3,285,1692,620,1531
30,WIELKOPOLSKIE,2021,4,310,1872,680,1832
30,WIELKOPOLSKIE,2021,5,243,1424,512,1294
30,WIELKOPOLSKIE,2021,6,221,1262,487,1041
30,WIELKOPOLSKIE,2021,7,220,1164,510,1016
30,WIELKOPOLSKIE,2021,8,184,1196,438,966
30,WIELKOPOLSKIE,2021,9,197,1129,468,1052
30,WIELKOPOLSKIE,2021,10,204,1336,477,1106
30,WIELKOPOLSKIE,2021,11,223,1580,565,1351
30,WIELKOPOLSKIE,2021,12,338,2204,746,1776
32,ZACHODNIOPOMORSKIE,2021,1,159,1002,356,919
32,ZACHODNIOPOMORSKIE,2021,2,108,737,295,714
32,ZACHODNIOPOMORSKIE,2021,3,158,816,312,757
32,ZACHODNIOPOMORSKIE,2021,4,144,850,373,808
32,ZACHODNIOPOMORSKIE,2021,5,150,746,335,655
32,ZACHODNIOPOMORSKIE,2021,6,126,674,294,598
32,ZACHODNIOPOMORSKIE,2021,7,115,639,264,555
32,ZACHODNIOPOMORSKIE,2021,8,101,619,268,546
32,ZACHODNIOPOMORSKIE,2021,9,133,594,240,521
32,ZACHODNIOPOMORSKIE,2021,10,127,693,305,623
32,ZACHODNIOPOMORSKIE,2021,11,169,886,325,756
32,ZACHODNIOPOMORSKIE,2021,12,171,1113,351,964
2,DOLNOŚLĄSKIE,2020,1,181,1203,495,982
2,DOLNOŚLĄSKIE,2020,2,199,1207,391,990
2,DOLNOŚLĄSKIE,2020,3,184,1150,463,995
2,DOLNOŚLĄSKIE,2020,4,200,1083,451,1011
2,DOLNOŚLĄSKIE,2020,5,194,1049,446,949
2,DOLNOŚLĄSKIE,2020,6,185,1058,390,948
2,DOLNOŚLĄSKIE,2020,7,189,1015,463,939
2,DOLNOŚLĄSKIE,2020,8,195,1094,426,941
2,DOLNOŚLĄSKIE,2020,9,170,1130,423,946
2,DOLNOŚLĄSKIE,2020,10,234,1467,559,1416
2,DOLNOŚLĄSKIE,2020,11,317,2088,707,1989
2,DOLNOŚLĄSKIE,2020,12,247,1741,624,1567
4,KUJAWSKO-POMORSKIE,2020,1,132,788,352,704
4,KUJAWSKO-POMORSKIE,2020,2,142,819,280,609
4,KUJAWSKO-POMORSKIE,2020,3,148,817,312,706
4,KUJAWSKO-POMORSKIE,2020,4,121,728,292,690
4,KUJAWSKO-POMORSKIE,2020,5,120,709,318,625
4,KUJAWSKO-POMORSKIE,2020,6,124,684,282,631
4,KUJAWSKO-POMORSKIE,2020,7,120,740,292,598
4,KUJAWSKO-POMORSKIE,2020,8,130,754,317,649
4,KUJAWSKO-POMORSKIE,2020,9,127,758,296,636
4,KUJAWSKO-POMORSKIE,2020,10,151,964,393,928
4,KUJAWSKO-POMORSKIE,2020,11,203,1252,434,1205
4,KUJAWSKO-POMORSKIE,2020,12,212,1309,433,1291
6,LUBELSKIE,2020,1,106,859,331,727
6,LUBELSKIE,2020,2,111,822,343,680
6,LUBELSKIE,2020,3,108,899,325,768
6,LUBELSKIE,2020,4,115,781,286,669
6,LUBELSKIE,2020,5,114,765,326,701
6,LUBELSKIE,2020,6,99,783,293,659
6,LUBELSKIE,2020,7,114,740,286,621
6,LUBELSKIE,2020,8,123,837,336,616
6,LUBELSKIE,2020,9,112,750,321,677
6,LUBELSKIE,2020,10,143,1176,390,1032
6,LUBELSKIE,2020,11,190,1669,540,1584
6,LUBELSKIE,2020,12,156,1277,452,1234
8,LUBUSKIE,2020,1,83,387,178,362
8,LUBUSKIE,2020,2,63,318,162,308
8,LUBUSKIE,2020,3,74,346,169,347
8,LUBUSKIE,2020,4,78,379,185,300
8,LUBUSKIE,2020,5,54,340,164,315
8,LUBUSKIE,2020,6,60,331,146,271
8,LUBUSKIE,2020,7,79,372,140,307
8,LUBUSKIE,2020,8,63,387,164,321
8,LUBUSKIE,2020,9,77,399,124,306
8,LUBUSKIE,2020,10,75,515,230,495
8,LUBUSKIE,2020,11,97,741,262,702
8,LUBUSKIE,2020,12,79,541,227,592
10,ŁÓDZKIE,2020,1,188,1134,453,909
10,ŁÓDZKIE,2020,2,167,1169,400,908
10,ŁÓDZKIE,2020,3,179,1166,450,918
10,ŁÓDZKIE,2020,4,172,1070,431,818
10,ŁÓDZKIE,2020,5,170,1071,424,852
10,ŁÓDZKIE,2020,6,170,1038,429,848
10,ŁÓDZKIE,2020,7,170,1030,440,893
10,ŁÓDZKIE,2020,8,192,1095,429,877
10,ŁÓDZKIE,2020,9,170,1104,380,855
10,ŁÓDZKIE,2020,10,241,1596,539,1322
10,ŁÓDZKIE,2020,11,280,2031,638,1857
10,ŁÓDZKIE,2020,12,263,1686,555,1442
12,MAŁOPOLSKIE,2020,1,179,1291,461,1066
12,MAŁOPOLSKIE,2020,2,161,1262,413,1043
12,MAŁOPOLSKIE,2020,3,168,1242,445,1102
12,MAŁOPOLSKIE,2020,4,156,1151,448,945
12,MAŁOPOLSKIE,2020,5,171,1126,460,989
12,MAŁOPOLSKIE,2020,6,166,1087,414,932
12,MAŁOPOLSKIE,2020,7,188,1176,465,987
12,MAŁOPOLSKIE,2020,8,166,1194,430,1027
12,MAŁOPOLSKIE,2020,9,182,1227,452,942
12,MAŁOPOLSKIE,2020,10,236,2004,588,1930
12,MAŁOPOLSKIE,2020,11,247,2402,646,2267
12,MAŁOPOLSKIE,2020,12,200,1535,508,1340
14,MAZOWIECKIE,2020,1,307,2228,813,1788
14,MAZOWIECKIE,2020,2,322,2246,752,1818
14,MAZOWIECKIE,2020,3,331,2367,814,1833
14,MAZOWIECKIE,2020,4,303,2161,767,1765
14,MAZOWIECKIE,2020,5,300,2031,781,1652
14,MAZOWIECKIE,2020,6,293,1979,740,1654
14,MAZOWIECKIE,2020,7,320,1947,797,1742
14,MAZOWIECKIE,2020,8,319,2130,781,1715
14,MAZOWIECKIE,2020,9,341,2132,767,1763
14,MAZOWIECKIE,2020,10,358,2908,948,2393
14,MAZOWIECKIE,2020,11,502,3915,1248,3528
14,MAZOWIECKIE,2020,12,417,3267,1073,2847
16,OPOLSKIE,2020,1,50,401,148,383
16,OPOLSKIE,2020,2,69,390,133,315
16,OPOLSKIE,2020,3,68,396,150,324
16,OPOLSKIE,2020,4,54,397,134,321
16,OPOLSKIE,2020,5,54,344,148,338
16,OPOLSKIE,2020,6,53,356,135,318
16,OPOLSKIE,2020,7,71,346,138,317
16,OPOLSKIE,2020,8,63,393,147,337
16,OPOLSKIE,2020,9,43,364,120,348
16,OPOLSKIE,2020,10,70,579,180,523
16,OPOLSKIE,2020,11,100,711,236,837
16,OPOLSKIE,2020,12,90,621,199,547
18,PODKARPACKIE,2020,1,93,694,259,657
18,PODKARPACKIE,2020,2,76,669,248,657
18,PODKARPACKIE,2020,3,105,726,269,682
18,PODKARPACKIE,2020,4,98,692,236,596
18,PODKARPACKIE,2020,5,96,659,241,590
18,PODKARPACKIE,2020,6,96,686,275,600
18,PODKARPACKIE,2020,7,96,656,276,584
18,PODKARPACKIE,2020,8,90,693,279,630
18,PODKARPACKIE,2020,9,91,671,242,616
18,PODKARPACKIE,2020,10,132,1215,379,1186
18,PODKARPACKIE,2020,11,161,1473,474,1488
18,PODKARPACKIE,2020,12,130,1065,373,979
20,PODLASKIE,2020,1,57,485,170,406
20,PODLASKIE,2020,2,61,440,169,410
20,PODLASKIE,2020,3,61,531,162,409
20,PODLASKIE,2020,4,47,411,175,381
20,PODLASKIE,2020,5,71,407,176,371
20,PODLASKIE,2020,6,37,434,149,332
20,PODLASKIE,2020,7,66,394,172,392
20,PODLASKIE,2020,8,56,391,175,337
20,PODLASKIE,2020,9,60,430,174,373
20,PODLASKIE,2020,10,79,616,241,543
20,PODLASKIE,2020,11,86,855,284,801
20,PODLASKIE,2020,12,76,670,258,605
22,POMORSKIE,2020,1,151,800,323,749
22,POMORSKIE,2020,2,120,834,321,721
22,POMORSKIE,2020,3,144,818,334,743
22,POMORSKIE,2020,4,142,727,299,634
22,POMORSKIE,2020,5,104,688,340,697
22,POMORSKIE,2020,6,134,722,312,647
22,POMORSKIE,2020,7,137,740,323,649
22,POMORSKIE,2020,8,137,747,328,678
22,POMORSKIE,2020,9,128,761,334,729
22,POMORSKIE,2020,10,145,1042,357,994
22,POMORSKIE,2020,11,189,1325,428,1363
22,POMORSKIE,2020,12,162,1184,444,1223
24,ŚLĄSKIE,2020,1,318,1932,743,1687
24,ŚLĄSKIE,2020,2,339,1895,724,1644
24,ŚLĄSKIE,2020,3,382,2002,722,1619
24,ŚLĄSKIE,2020,4,315,1789,692,1491
24,ŚLĄSKIE,2020,5,346,1702,787,1516
24,ŚLĄSKIE,2020,6,310,1659,643,1482
24,ŚLĄSKIE,2020,7,312,1701,704,1526
24,ŚLĄSKIE,2020,8,342,1816,718,1633
24,ŚLĄSKIE,2020,9,309,1720,703,1559
24,ŚLĄSKIE,2020,10,394,2557,893,2424
24,ŚLĄSKIE,2020,11,455,3053,1070,3160
24,ŚLĄSKIE,2020,12,416,2511,936,2367
26,ŚWIĘTOKRZYSKIE,2020,1,69,522,191,480
26,ŚWIĘTOKRZYSKIE,2020,2,64,539,203,473
26,ŚWIĘTOKRZYSKIE,2020,3,92,607,214,504
26,ŚWIĘTOKRZYSKIE,2020,4,63,492,179,460
26,ŚWIĘTOKRZYSKIE,2020,5,80,474,196,441
26,ŚWIĘTOKRZYSKIE,2020,6,80,484,205,417
26,ŚWIĘTOKRZYSKIE,2020,7,77,467,184,407
26,ŚWIĘTOKRZYSKIE,2020,8,71,453,213,433
26,ŚWIĘTOKRZYSKIE,2020,9,53,492,216,427
26,ŚWIĘTOKRZYSKIE,2020,10,117,835,273,782
26,ŚWIĘTOKRZYSKIE,2020,11,106,991,282,1002
26,ŚWIĘTOKRZYSKIE,2020,12,85,768,294,701
28,WARMIŃSKO-MAZURSKIE,2020,1,88,484,226,447
28,WARMIŃSKO-MAZURSKIE,2020,2,73,464,207,382
28,WARMIŃSKO-MAZURSKIE,2020,3,97,538,210,432
28,WARMIŃSKO-MAZURSKIE,2020,4,82,492,228,400
28,WARMIŃSKO-MAZURSKIE,2020,5,113,461,218,439
28,WARMIŃSKO-MAZURSKIE,2020,6,80,456,199,379
28,WARMIŃSKO-MAZURSKIE,2020,7,100,451,229,436
28,WARMIŃSKO-MAZURSKIE,2020,8,105,459,253,419
28,WARMIŃSKO-MAZURSKIE,2020,9,90,473,215,415
28,WARMIŃSKO-MAZURSKIE,2020,10,93,610,282,580
28,WARMIŃSKO-MAZURSKIE,2020,11,128,895,288,800
28,WARMIŃSKO-MAZURSKIE,2020,12,109,912,323,834
30,WIELKOPOLSKIE,2020,1,220,1297,505,1095
30,WIELKOPOLSKIE,2020,2,177,1209,459,1023
30,WIELKOPOLSKIE,2020,3,202,1244,442,1108
30,WIELKOPOLSKIE,2020,4,218,1186,447,1052
30,WIELKOPOLSKIE,2020,5,209,1182,474,975
30,WIELKOPOLSKIE,2020,6,213,1117,476,920
30,WIELKOPOLSKIE,2020,7,197,1089,461,1055
30,WIELKOPOLSKIE,2020,8,199,1184,521,1046
30,WIELKOPOLSKIE,2020,9,189,1188,477,1033
30,WIELKOPOLSKIE,2020,10,283,1649,584,1500
30,WIELKOPOLSKIE,2020,11,343,2122,766,2120
30,WIELKOPOLSKIE,2020,12,294,1840,755,1938
32,ZACHODNIOPOMORSKIE,2020,1,114,645,306,593
32,ZACHODNIOPOMORSKIE,2020,2,111,606,257,571
32,ZACHODNIOPOMORSKIE,2020,3,128,649,271,578
32,ZACHODNIOPOMORSKIE,2020,4,117,582,294,558
32,ZACHODNIOPOMORSKIE,2020,5,109,554,281,532
32,ZACHODNIOPOMORSKIE,2020,6,94,600,277,499
32,ZACHODNIOPOMORSKIE,2020,7,124,586,282,538
32,ZACHODNIOPOMORSKIE,2020,8,110,643,274,615
32,ZACHODNIOPOMORSKIE,2020,9,123,567,283,530
32,ZACHODNIOPOMORSKIE,2020,10,102,747,331,698
32,ZACHODNIOPOMORSKIE,2020,11,149,1016,363,937
32,ZACHODNIOPOMORSKIE,2020,12,155,1043,405,1033
2,DOLNOŚLĄSKIE,2019,1,228,1239,534,1000
2,DOLNOŚLĄSKIE,2019,2,236,1273,491,970
2,DOLNOŚLĄSKIE,2019,3,199,1194,489,1000
2,DOLNOŚLĄSKIE,2019,4,189,1080,436,930
2,DOLNOŚLĄSKIE,2019,5,185,1066,448,883
2,DOLNOŚLĄSKIE,2019,6,201,1046,486,847
2,DOLNOŚLĄSKIE,2019,7,195,1094,453,835
2,DOLNOŚLĄSKIE,2019,8,226,1069,421,868
2,DOLNOŚLĄSKIE,2019,9,168,1004,436,851
2,DOLNOŚLĄSKIE,2019,10,195,1137,460,911
2,DOLNOŚLĄSKIE,2019,11,192,1056,450,930
2,DOLNOŚLĄSKIE,2019,12,191,1164,489,973
4,KUJAWSKO-POMORSKIE,2019,1,167,816,334,711
4,KUJAWSKO-POMORSKIE,2019,2,132,787,342,657
4,KUJAWSKO-POMORSKIE,2019,3,140,845,303,689
4,KUJAWSKO-POMORSKIE,2019,4,148,772,291,638
4,KUJAWSKO-POMORSKIE,2019,5,164,733,311,638
4,KUJAWSKO-POMORSKIE,2019,6,130,698,289,613
4,KUJAWSKO-POMORSKIE,2019,7,151,701,311,624
4,KUJAWSKO-POMORSKIE,2019,8,164,665,329,555
4,KUJAWSKO-POMORSKIE,2019,9,124,676,280,546
4,KUJAWSKO-POMORSKIE,2019,10,156,720,303,646
4,KUJAWSKO-POMORSKIE,2019,11,135,711,314,629
4,KUJAWSKO-POMORSKIE,2019,12,135,758,335,653
6,LUBELSKIE,2019,1,125,941,321,774
6,LUBELSKIE,2019,2,132,877,304,719
6,LUBELSKIE,2019,3,120,834,331,675
6,LUBELSKIE,2019,4,101,754,317,650
6,LUBELSKIE,2019,5,99,738,327,682
6,LUBELSKIE,2019,6,104,776,309,655
6,LUBELSKIE,2019,7,103,767,314,636
6,LUBELSKIE,2019,8,92,737,324,597
6,LUBELSKIE,2019,9,117,724,297,594
6,LUBELSKIE,2019,10,110,777,309,655
6,LUBELSKIE,2019,11,122,759,309,670
6,LUBELSKIE,2019,12,108,867,350,699
8,LUBUSKIE,2019,1,71,377,170,356
8,LUBUSKIE,2019,2,58,425,160,357
8,LUBUSKIE,2019,3,71,375,170,302
8,LUBUSKIE,2019,4,85,328,141,301
8,LUBUSKIE,2019,5,70,337,175,291
8,LUBUSKIE,2019,6,75,350,178,295
8,LUBUSKIE,2019,7,92,318,148,325
8,LUBUSKIE,2019,8,70,312,186,291
8,LUBUSKIE,2019,9,59,356,158,301
8,LUBUSKIE,2019,10,71,354,176,347
8,LUBUSKIE,2019,11,69,342,167,339
8,LUBUSKIE,2019,12,85,428,213,350
10,ŁÓDZKIE,2019,1,211,1236,469,995
10,ŁÓDZKIE,2019,2,172,1227,400,909
10,ŁÓDZKIE,2019,3,174,1092,452,880
10,ŁÓDZKIE,2019,4,179,1009,463,831
10,ŁÓDZKIE,2019,5,181,983,428,803
10,ŁÓDZKIE,2019,6,162,1077,413,812
10,ŁÓDZKIE,2019,7,152,1107,408,854
10,ŁÓDZKIE,2019,8,182,1009,386,788
10,ŁÓDZKIE,2019,9,169,976,389,756
10,ŁÓDZKIE,2019,10,185,1060,448,819
10,ŁÓDZKIE,2019,11,159,982,408,803
10,ŁÓDZKIE,2019,12,191,1113,448,901
12,MAŁOPOLSKIE,2019,1,210,1415,485,1206
12,MAŁOPOLSKIE,2019,2,177,1334,420,1052
12,MAŁOPOLSKIE,2019,3,162,1243,449,1024
12,MAŁOPOLSKIE,2019,4,158,1181,422,939
12,MAŁOPOLSKIE,2019,5,166,1096,439,897
12,MAŁOPOLSKIE,2019,6,161,1094,447,992
12,MAŁOPOLSKIE,2019,7,178,1119,417,918
12,MAŁOPOLSKIE,2019,8,162,1037,397,863
12,MAŁOPOLSKIE,2019,9,153,1070,443,904
12,MAŁOPOLSKIE,2019,10,164,1222,438,1037
12,MAŁOPOLSKIE,2019,11,159,1112,416,917
12,MAŁOPOLSKIE,2019,12,175,1255,462,1060
14,MAZOWIECKIE,2019,1,376,2311,924,1938
14,MAZOWIECKIE,2019,2,330,2182,759,1717
14,MAZOWIECKIE,2019,3,366,2224,838,1826
14,MAZOWIECKIE,2019,4,319,2196,760,1664
14,MAZOWIECKIE,2019,5,326,1983,753,1740
14,MAZOWIECKIE,2019,6,337,1964,793,1567
14,MAZOWIECKIE,2019,7,297,1905,789,1592
14,MAZOWIECKIE,2019,8,292,1875,803,1479
14,MAZOWIECKIE,2019,9,296,1855,766,1554
14,MAZOWIECKIE,2019,10,342,2090,755,1656
14,MAZOWIECKIE,2019,11,294,1931,763,1676
14,MAZOWIECKIE,2019,12,364,2240,801,1805
16,OPOLSKIE,2019,1,64,460,148,389
16,OPOLSKIE,2019,2,49,455,149,334
16,OPOLSKIE,2019,3,64,406,142,309
16,OPOLSKIE,2019,4,62,362,141,298
16,OPOLSKIE,2019,5,61,330,156,294
16,OPOLSKIE,2019,6,59,349,143,277
16,OPOLSKIE,2019,7,54,354,131,297
16,OPOLSKIE,2019,8,43,357,116,302
16,OPOLSKIE,2019,9,45,355,136,299
16,OPOLSKIE,2019,10,49,367,124,353
16,OPOLSKIE,2019,11,57,367,147,307
16,OPOLSKIE,2019,12,60,395,143,318
18,PODKARPACKIE,2019,1,126,831,330,750
18,PODKARPACKIE,2019,2,87,771,267,643
18,PODKARPACKIE,2019,3,92,775,267,633
18,PODKARPACKIE,2019,4,90,671,283,585
18,PODKARPACKIE,2019,5,86,655,264,599
18,PODKARPACKIE,2019,6,92,633,245,555
18,PODKARPACKIE,2019,7,88,651,248,604
18,PODKARPACKIE,2019,8,94,654,239,537
18,PODKARPACKIE,2019,9,80,643,248,530
18,PODKARPACKIE,2019,10,96,656,261,558
18,PODKARPACKIE,2019,11,100,663,282,599
18,PODKARPACKIE,2019,12,87,733,308,617
20,PODLASKIE,2019,1,74,512,192,416
20,PODLASKIE,2019,2,50,493,169,407
20,PODLASKIE,2019,3,66,434,184,365
20,PODLASKIE,2019,4,68,434,169,393
20,PODLASKIE,2019,5,65,451,206,351
20,PODLASKIE,2019,6,52,408,181,397
20,PODLASKIE,2019,7,72,384,182,359
20,PODLASKIE,2019,8,61,353,178,332
20,PODLASKIE,2019,9,47,417,155,355
20,PODLASKIE,2019,10,54,405,162,367
20,PODLASKIE,2019,11,61,421,124,354
20,PODLASKIE,2019,12,43,422,186,374
22,POMORSKIE,2019,1,172,903,322,729
22,POMORSKIE,2019,2,145,823,324,734
22,POMORSKIE,2019,3,135,792,327,705
22,POMORSKIE,2019,4,139,746,321,642
22,POMORSKIE,2019,5,141,781,314,653
22,POMORSKIE,2019,6,153,693,300,643
22,POMORSKIE,2019,7,145,718,285,670
22,POMORSKIE,2019,8,137,682,323,667
22,POMORSKIE,2019,9,123,718,302,638
22,POMORSKIE,2019,10,120,787,333,659
22,POMORSKIE,2019,11,131,769,326,633
22,POMORSKIE,2019,12,152,797,311,692
24,ŚLĄSKIE,2019,1,396,2067,891,1686
24,ŚLĄSKIE,2019,2,381,1891,819,1603
24,ŚLĄSKIE,2019,3,348,1925,682,1541
24,ŚLĄSKIE,2019,4,310,1719,679,1418
24,ŚLĄSKIE,2019,5,330,1704,696,1490
24,ŚLĄSKIE,2019,6,338,1668,719,1478
24,ŚLĄSKIE,2019,7,310,1695,736,1439
24,ŚLĄSKIE,2019,8,323,1565,710,1439
24,ŚLĄSKIE,2019,9,338,1604,684,1373
24,ŚLĄSKIE,2019,10,332,1749,648,1540
24,ŚLĄSKIE,2019,11,318,1748,662,1414
24,ŚLĄSKIE,2019,12,345,1836,741,1569
26,ŚWIĘTOKRZYSKIE,2019,1,74,572,211,485
26,ŚWIĘTOKRZYSKIE,2019,2,74,568,227,436
26,ŚWIĘTOKRZYSKIE,2019,3,77,521,226,450
26,ŚWIĘTOKRZYSKIE,2019,4,55,483,181,428
26,ŚWIĘTOKRZYSKIE,2019,5,62,498,218,441
26,ŚWIĘTOKRZYSKIE,2019,6,90,490,188,435
26,ŚWIĘTOKRZYSKIE,2019,7,72,454,191,398
26,ŚWIĘTOKRZYSKIE,2019,8,82,413,192,419
26,ŚWIĘTOKRZYSKIE,2019,9,63,474,184,394
26,ŚWIĘTOKRZYSKIE,2019,10,50,541,212,442
26,ŚWIĘTOKRZYSKIE,2019,11,68,491,179,396
26,ŚWIĘTOKRZYSKIE,2019,12,78,534,213,458
28,WARMIŃSKO-MAZURSKIE,2019,1,94,554,245,464
28,WARMIŃSKO-MAZURSKIE,2019,2,105,499,246,397
28,WARMIŃSKO-MAZURSKIE,2019,3,111,497,237,455
28,WARMIŃSKO-MAZURSKIE,2019,4,92,491,223,379
28,WARMIŃSKO-MAZURSKIE,2019,5,83,478,257,418
28,WARMIŃSKO-MAZURSKIE,2019,6,91,468,258,426
28,WARMIŃSKO-MAZURSKIE,2019,7,96,465,258,396
28,WARMIŃSKO-MAZURSKIE,2019,8,92,465,238,406
28,WARMIŃSKO-MAZURSKIE,2019,9,91,441,232,387
28,WARMIŃSKO-MAZURSKIE,2019,10,102,507,234,396
28,WARMIŃSKO-MAZURSKIE,2019,11,82,448,215,365
28,WARMIŃSKO-MAZURSKIE,2019,12,111,472,212,419
30,WIELKOPOLSKIE,2019,1,230,1323,594,1106
30,WIELKOPOLSKIE,2019,2,201,1231,458,1081
30,WIELKOPOLSKIE,2019,3,234,1290,514,1034
30,WIELKOPOLSKIE,2019,4,215,1120,499,984
30,WIELKOPOLSKIE,2019,5,237,1062,467,916
30,WIELKOPOLSKIE,2019,6,218,1164,462,919
30,WIELKOPOLSKIE,2019,7,188,1077,474,963
30,WIELKOPOLSKIE,2019,8,196,1113,484,975
30,WIELKOPOLSKIE,2019,9,204,1093,450,1020
30,WIELKOPOLSKIE,2019,10,218,1148,441,1029
30,WIELKOPOLSKIE,2019,11,222,1074,438,987
30,WIELKOPOLSKIE,2019,12,210,1255,502,1089
32,ZACHODNIOPOMORSKIE,2019,1,101,648,261,551
32,ZACHODNIOPOMORSKIE,2019,2,115,651,284,527
32,ZACHODNIOPOMORSKIE,2019,3,129,710,278,570
32,ZACHODNIOPOMORSKIE,2019,4,127,619,258,531
32,ZACHODNIOPOMORSKIE,2019,5,100,573,256,482
32,ZACHODNIOPOMORSKIE,2019,6,128,620,253,501
32,ZACHODNIOPOMORSKIE,2019,7,114,579,279,476
32,ZACHODNIOPOMORSKIE,2019,8,118,589,260,524
32,ZACHODNIOPOMORSKIE,2019,9,105,603,265,493
32,ZACHODNIOPOMORSKIE,2019,10,132,609,298,554
32,ZACHODNIOPOMORSKIE,2019,11,104,597,250,489
32,ZACHODNIOPOMORSKIE,2019,12,114,669,275,591
2,DOLNOŚLĄSKIE,2018,1,199,1072,491,820
2,DOLNOŚLĄSKIE,2018,2,182,998,461,841
2,DOLNOŚLĄSKIE,2018,3,222,1218,442,988
2,DOLNOŚLĄSKIE,2018,4,191,988,397,792
2,DOLNOŚLĄSKIE,2018,5,215,1064,457,871
2,DOLNOŚLĄSKIE,2018,6,194,971,414,834
2,DOLNOŚLĄSKIE,2018,7,208,1049,498,881
2,DOLNOŚLĄSKIE,2018,8,196,1059,515,785
2,DOLNOŚLĄSKIE,2018,9,195,980,455,782
2,DOLNOŚLĄSKIE,2018,10,218,1123,515,854
2,DOLNOŚLĄSKIE,2018,11,196,1055,464,880
2,DOLNOŚLĄSKIE,2018,12,227,1163,508,986
4,KUJAWSKO-POMORSKIE,2018,1,154,728,301,715
4,KUJAWSKO-POMORSKIE,2018,2,124,801,300,646
4,KUJAWSKO-POMORSKIE,2018,3,161,880,289,630
4,KUJAWSKO-POMORSKIE,2018,4,111,748,318,558
4,KUJAWSKO-POMORSKIE,2018,5,140,670,303,557
4,KUJAWSKO-POMORSKIE,2018,6,138,648,283,540
4,KUJAWSKO-POMORSKIE,2018,7,136,695,323,612
4,KUJAWSKO-POMORSKIE,2018,8,146,704,335,619
4,KUJAWSKO-POMORSKIE,2018,9,132,677,309,577
4,KUJAWSKO-POMORSKIE,2018,10,132,696,305,629
4,KUJAWSKO-POMORSKIE,2018,11,132,727,308,634
4,KUJAWSKO-POMORSKIE,2018,12,160,761,338,626
6,LUBELSKIE,2018,1,115,963,334,740
6,LUBELSKIE,2018,2,104,847,300,732
6,LUBELSKIE,2018,3,118,763,286,621
6,LUBELSKIE,2018,4,127,694,299,607
6,LUBELSKIE,2018,5,108,713,354,678
6,LUBELSKIE,2018,6,102,673,311,628
6,LUBELSKIE,2018,7,127,794,294,596
6,LUBELSKIE,2018,8,111,720,364,613
6,LUBELSKIE,2018,9,105,725,286,625
6,LUBELSKIE,2018,10,112,799,359,647
6,LUBELSKIE,2018,11,98,808,325,664
6,LUBELSKIE,2018,12,109,860,363,698
8,LUBUSKIE,2018,1,74,334,170,301
8,LUBUSKIE,2018,2,73,399,156,283
8,LUBUSKIE,2018,3,86,446,171,327
8,LUBUSKIE,2018,4,56,345,139,263
8,LUBUSKIE,2018,5,69,334,183,250
8,LUBUSKIE,2018,6,66,305,160,268
8,LUBUSKIE,2018,7,62,310,157,296
8,LUBUSKIE,2018,8,65,299,172,273
8,LUBUSKIE,2018,9,78,309,188,294
8,LUBUSKIE,2018,10,76,350,162,321
8,LUBUSKIE,2018,11,84,334,162,277
8,LUBUSKIE,2018,12,76,410,179,311
10,ŁÓDZKIE,2018,1,157,997,431,756
10,ŁÓDZKIE,2018,2,190,1053,436,860
10,ŁÓDZKIE,2018,3,198,1185,458,918
10,ŁÓDZKIE,2018,4,183,1010,395,744
10,ŁÓDZKIE,2018,5,194,1029,432,783
10,ŁÓDZKIE,2018,6,179,944,420,771
10,ŁÓDZKIE,2018,7,181,960,444,832
10,ŁÓDZKIE,2018,8,185,1047,429,797
10,ŁÓDZKIE,2018,9,179,993,439,764
10,ŁÓDZKIE,2018,10,203,1083,436,791
10,ŁÓDZKIE,2018,11,169,1042,414,854
10,ŁÓDZKIE,2018,12,184,1112,460,865
12,MAŁOPOLSKIE,2018,1,147,1072,386,887
12,MAŁOPOLSKIE,2018,2,178,1287,398,969
12,MAŁOPOLSKIE,2018,3,157,1100,412,927
12,MAŁOPOLSKIE,2018,4,174,945,379,806
12,MAŁOPOLSKIE,2018,5,172,1054,443,917
12,MAŁOPOLSKIE,2018,6,177,1066,434,906
12,MAŁOPOLSKIE,2018,7,177,1055,419,949
12,MAŁOPOLSKIE,2018,8,159,1018,430,851
12,MAŁOPOLSKIE,2018,9,168,1060,407,893
12,MAŁOPOLSKIE,2018,10,150,1105,408,1013
12,MAŁOPOLSKIE,2018,11,158,1114,423,881
12,MAŁOPOLSKIE,2018,12,174,1237,454,1072
14,MAZOWIECKIE,2018,1,316,2042,805,1679
14,MAZOWIECKIE,2018,2,314,2080,704,1561
14,MAZOWIECKIE,2018,3,318,2190,779,1647
14,MAZOWIECKIE,2018,4,310,1860,711,1536
14,MAZOWIECKIE,2018,5,271,1952,800,1633
14,MAZOWIECKIE,2018,6,295,1793,774,1481
14,MAZOWIECKIE,2018,7,333,2016,832,1537
14,MAZOWIECKIE,2018,8,305,1821,787,1538
14,MAZOWIECKIE,2018,9,341,1855,745,1516
14,MAZOWIECKIE,2018,10,344,2102,827,1700
14,MAZOWIECKIE,2018,11,311,1945,799,1672
14,MAZOWIECKIE,2018,12,371,2306,866,1826
16,OPOLSKIE,2018,1,67,372,141,305
16,OPOLSKIE,2018,2,58,413,131,284
16,OPOLSKIE,2018,3,56,407,140,336
16,OPOLSKIE,2018,4,45,342,114,269
16,OPOLSKIE,2018,5,50,334,132,313
16,OPOLSKIE,2018,6,57,307,141,262
16,OPOLSKIE,2018,7,62,335,144,289
16,OPOLSKIE,2018,8,57,355,121,321
16,OPOLSKIE,2018,9,52,346,124,253
16,OPOLSKIE,2018,10,53,349,143,335
16,OPOLSKIE,2018,11,62,376,147,305
16,OPOLSKIE,2018,12,60,372,142,290
18,PODKARPACKIE,2018,1,73,640,241,540
18,PODKARPACKIE,2018,2,81,657,238,527
18,PODKARPACKIE,2018,3,88,655,228,546
18,PODKARPACKIE,2018,4,82,599,234,542
18,PODKARPACKIE,2018,5,89,644,256,523
18,PODKARPACKIE,2018,6,101,594,231,546
18,PODKARPACKIE,2018,7,88,644,252,549
18,PODKARPACKIE,2018,8,86,577,270,512
18,PODKARPACKIE,2018,9,88,613,255,490
18,PODKARPACKIE,2018,10,90,699,262,639
18,PODKARPACKIE,2018,11,90,673,249,602
18,PODKARPACKIE,2018,12,108,755,254,640
20,PODLASKIE,2018,1,63,458,174,400
20,PODLASKIE,2018,2,63,485,170,427
20,PODLASKIE,2018,3,53,484,155,401
20,PODLASKIE,2018,4,52,388,178,372
20,PODLASKIE,2018,5,60,412,171,356
20,PODLASKIE,2018,6,55,371,146,321
20,PODLASKIE,2018,7,60,414,167,339
20,PODLASKIE,2018,8,60,368,179,328
20,PODLASKIE,2018,9,61,380,152,336
20,PODLASKIE,2018,10,74,424,175,380
20,PODLASKIE,2018,11,72,402,189,351
20,PODLASKIE,2018,12,64,422,199,399
22,POMORSKIE,2018,1,135,803,288,668
22,POMORSKIE,2018,2,131,694,282,639
22,POMORSKIE,2018,3,147,835,291,681
22,POMORSKIE,2018,4,128,674,310,548
22,POMORSKIE,2018,5,115,698,324,607
22,POMORSKIE,2018,6,133,730,284,566
22,POMORSKIE,2018,7,133,699,344,666
22,POMORSKIE,2018,8,142,711,297,615
22,POMORSKIE,2018,9,147,683,311,590
22,POMORSKIE,2018,10,154,732,339,656
22,POMORSKIE,2018,11,143,680,319,619
22,POMORSKIE,2018,12,148,817,302,701
24,ŚLĄSKIE,2018,1,324,1604,706,1363
24,ŚLĄSKIE,2018,2,333,1761,695,1523
24,ŚLĄSKIE,2018,3,326,1866,728,1555
24,ŚLĄSKIE,2018,4,325,1521,685,1342
24,ŚLĄSKIE,2018,5,336,1642,700,1347
24,ŚLĄSKIE,2018,6,310,1531,709,1318
24,ŚLĄSKIE,2018,7,333,1672,755,1414
24,ŚLĄSKIE,2018,8,338,1567,677,1313
24,ŚLĄSKIE,2018,9,330,1577,746,1412
24,ŚLĄSKIE,2018,10,392,1735,742,1530
24,ŚLĄSKIE,2018,11,351,1629,739,1488
24,ŚLĄSKIE,2018,12,343,1879,759,1490
26,ŚWIĘTOKRZYSKIE,2018,1,61,475,183,398
26,ŚWIĘTOKRZYSKIE,2018,2,70,537,165,439
26,ŚWIĘTOKRZYSKIE,2018,3,67,544,220,447
26,ŚWIĘTOKRZYSKIE,2018,4,68,434,180,405
26,ŚWIĘTOKRZYSKIE,2018,5,83,453,174,422
26,ŚWIĘTOKRZYSKIE,2018,6,68,454,187,384
26,ŚWIĘTOKRZYSKIE,2018,7,62,450,217,392
26,ŚWIĘTOKRZYSKIE,2018,8,79,446,198,390
26,ŚWIĘTOKRZYSKIE,2018,9,87,450,175,383
26,ŚWIĘTOKRZYSKIE,2018,10,74,476,223,431
26,ŚWIĘTOKRZYSKIE,2018,11,80,441,218,427
26,ŚWIĘTOKRZYSKIE,2018,12,73,581,213,490
28,WARMIŃSKO-MAZURSKIE,2018,1,84,427,211,366
28,WARMIŃSKO-MAZURSKIE,2018,2,93,464,216,426
28,WARMIŃSKO-MAZURSKIE,2018,3,92,541,201,441
28,WARMIŃSKO-MAZURSKIE,2018,4,62,475,244,397
28,WARMIŃSKO-MAZURSKIE,2018,5,88,485,222,409
28,WARMIŃSKO-MAZURSKIE,2018,6,73,431,233,336
28,WARMIŃSKO-MAZURSKIE,2018,7,82,449,244,418
28,WARMIŃSKO-MAZURSKIE,2018,8,88,477,261,375
28,WARMIŃSKO-MAZURSKIE,2018,9,71,397,230,370
28,WARMIŃSKO-MAZURSKIE,2018,10,107,456,238,402
28,WARMIŃSKO-MAZURSKIE,2018,11,77,412,212,364
28,WARMIŃSKO-MAZURSKIE,2018,12,83,505,255,444
30,WIELKOPOLSKIE,2018,1,212,1155,472,910
30,WIELKOPOLSKIE,2018,2,215,1175,477,1026
30,WIELKOPOLSKIE,2018,3,243,1301,481,1026
30,WIELKOPOLSKIE,2018,4,176,993,380,878
30,WIELKOPOLSKIE,2018,5,214,1186,493,962
30,WIELKOPOLSKIE,2018,6,208,1040,444,908
30,WIELKOPOLSKIE,2018,7,212,1111,446,923
30,WIELKOPOLSKIE,2018,8,215,1085,509,951
30,WIELKOPOLSKIE,2018,9,195,1052,445,931
30,WIELKOPOLSKIE,2018,10,225,1162,530,991
30,WIELKOPOLSKIE,2018,11,219,1138,469,953
30,WIELKOPOLSKIE,2018,12,251,1248,526,1105
32,ZACHODNIOPOMORSKIE,2018,1,121,543,250,488
32,ZACHODNIOPOMORSKIE,2018,2,116,584,225,486
32,ZACHODNIOPOMORSKIE,2018,3,115,724,292,550
32,ZACHODNIOPOMORSKIE,2018,4,110,611,232,454
32,ZACHODNIOPOMORSKIE,2018,5,119,575,233,483
32,ZACHODNIOPOMORSKIE,2018,6,132,501,267,474
32,ZACHODNIOPOMORSKIE,2018,7,118,550,302,535
32,ZACHODNIOPOMORSKIE,2018,8,118,565,276,479
32,ZACHODNIOPOMORSKIE,2018,9,117,560,254,484
32,ZACHODNIOPOMORSKIE,2018,10,105,601,252,524
32,ZACHODNIOPOMORSKIE,2018,11,135,552,259,501
32,ZACHODNIOPOMORSKIE,2018,12,131,657,306,535
2,DOLNOŚLĄSKIE,2017,1,269,1522,548,1118
2,DOLNOŚLĄSKIE,2017,2,225,1305,458,987
2,DOLNOŚLĄSKIE,2017,3,208,1042,463,846
2,DOLNOŚLĄSKIE,2017,4,206,952,445,776
2,DOLNOŚLĄSKIE,2017,5,188,981,502,748
2,DOLNOŚLĄSKIE,2017,6,197,863,468,720
2,DOLNOŚLĄSKIE,2017,7,191,964,439,767
2,DOLNOŚLĄSKIE,2017,8,217,986,499,820
2,DOLNOŚLĄSKIE,2017,9,200,940,436,769
2,DOLNOŚLĄSKIE,2017,10,181,1076,483,853
2,DOLNOŚLĄSKIE,2017,11,179,942,432,804
2,DOLNOŚLĄSKIE,2017,12,197,1019,449,819
4,KUJAWSKO-POMORSKIE,2017,1,170,847,339,644
4,KUJAWSKO-POMORSKIE,2017,2,169,908,291,690
4,KUJAWSKO-POMORSKIE,2017,3,137,762,294,586
4,KUJAWSKO-POMORSKIE,2017,4,108,674,285,550
4,KUJAWSKO-POMORSKIE,2017,5,159,653,298,573
4,KUJAWSKO-POMORSKIE,2017,6,102,576,244,478
4,KUJAWSKO-POMORSKIE,2017,7,169,639,311,537
4,KUJAWSKO-POMORSKIE,2017,8,151,638,313,566
4,KUJAWSKO-POMORSKIE,2017,9,116,608,299,533
4,KUJAWSKO-POMORSKIE,2017,10,131,699,318,539
4,KUJAWSKO-POMORSKIE,2017,11,132,635,271,548
4,KUJAWSKO-POMORSKIE,2017,12,160,626,317,602
6,LUBELSKIE,2017,1,132,1157,384,919
6,LUBELSKIE,2017,2,105,868,311,669
6,LUBELSKIE,2017,3,97,884,317,676
6,LUBELSKIE,2017,4,100,750,296,589
6,LUBELSKIE,2017,5,114,766,293,624
6,LUBELSKIE,2017,6,102,738,266,560
6,LUBELSKIE,2017,7,105,692,326,578
6,LUBELSKIE,2017,8,121,681,310,598
6,LUBELSKIE,2017,9,116,670,326,591
6,LUBELSKIE,2017,10,116,794,338,660
6,LUBELSKIE,2017,11,101,723,334,596
6,LUBELSKIE,2017,12,108,772,312,561
8,LUBUSKIE,2017,1,72,432,214,318
8,LUBUSKIE,2017,2,68,435,153,293
8,LUBUSKIE,2017,3,71,321,156,285
8,LUBUSKIE,2017,4,61,297,173,231
8,LUBUSKIE,2017,5,81,285,170,257
8,LUBUSKIE,2017,6,51,285,163,224
8,LUBUSKIE,2017,7,75,289,164,250
8,LUBUSKIE,2017,8,66,297,162,249
8,LUBUSKIE,2017,9,71,331,161,257
8,LUBUSKIE,2017,10,79,332,182,309
8,LUBUSKIE,2017,11,69,315,144,258
8,LUBUSKIE,2017,12,61,321,175,272
10,ŁÓDZKIE,2017,1,237,1594,548,1117
10,ŁÓDZKIE,2017,2,196,1211,434,916
10,ŁÓDZKIE,2017,3,216,1087,415,889
10,ŁÓDZKIE,2017,4,161,913,477,784
10,ŁÓDZKIE,2017,5,179,960,449,772
10,ŁÓDZKIE,2017,6,177,889,391,721
10,ŁÓDZKIE,2017,7,197,913,425,756
10,ŁÓDZKIE,2017,8,191,914,458,760
10,ŁÓDZKIE,2017,9,178,911,413,670
10,ŁÓDZKIE,2017,10,215,1082,471,861
10,ŁÓDZKIE,2017,11,160,916,410,757
10,ŁÓDZKIE,2017,12,167,923,425,793
12,MAŁOPOLSKIE,2017,1,203,1619,514,1330
12,MAŁOPOLSKIE,2017,2,148,1317,424,981
12,MAŁOPOLSKIE,2017,3,176,1152,409,954
12,MAŁOPOLSKIE,2017,4,169,1016,388,844
12,MAŁOPOLSKIE,2017,5,174,1030,370,886
12,MAŁOPOLSKIE,2017,6,160,945,401,784
12,MAŁOPOLSKIE,2017,7,166,988,402,881
12,MAŁOPOLSKIE,2017,8,183,1021,405,815
12,MAŁOPOLSKIE,2017,9,153,914,439,754
12,MAŁOPOLSKIE,2017,10,180,1069,419,920
12,MAŁOPOLSKIE,2017,11,147,1014,373,795
12,MAŁOPOLSKIE,2017,12,149,1029,393,896
14,MAZOWIECKIE,2017,1,407,2858,959,2161
14,MAZOWIECKIE,2017,2,318,2322,728,1776
14,MAZOWIECKIE,2017,3,314,2049,812,1656
14,MAZOWIECKIE,2017,4,310,1881,778,1549
14,MAZOWIECKIE,2017,5,307,1793,794,1517
14,MAZOWIECKIE,2017,6,308,1669,686,1355
14,MAZOWIECKIE,2017,7,310,1742,763,1417
14,MAZOWIECKIE,2017,8,330,1776,782,1459
14,MAZOWIECKIE,2017,9,303,1729,765,1480
14,MAZOWIECKIE,2017,10,336,2066,885,1612
14,MAZOWIECKIE,2017,11,294,1788,736,1449
14,MAZOWIECKIE,2017,12,328,1867,787,1550
16,OPOLSKIE,2017,1,83,605,183,464
16,OPOLSKIE,2017,2,69,471,173,372
16,OPOLSKIE,2017,3,68,382,141,298
16,OPOLSKIE,2017,4,52,347,130,282
16,OPOLSKIE,2017,5,65,322,140,268
16,OPOLSKIE,2017,6,53,317,137,273
16,OPOLSKIE,2017,7,55,307,114,255
16,OPOLSKIE,2017,8,66,365,129,269
16,OPOLSKIE,2017,9,52,301,128,270
16,OPOLSKIE,2017,10,59,353,158,289
16,OPOLSKIE,2017,11,45,330,118,299
16,OPOLSKIE,2017,12,66,340,162,295
18,PODKARPACKIE,2017,1,97,1011,292,793
18,PODKARPACKIE,2017,2,88,777,232,562
18,PODKARPACKIE,2017,3,100,636,257,536
18,PODKARPACKIE,2017,4,78,628,273,527
18,PODKARPACKIE,2017,5,68,608,239,541
18,PODKARPACKIE,2017,6,75,567,228,503
18,PODKARPACKIE,2017,7,79,607,254,495
18,PODKARPACKIE,2017,8,96,584,245,483
18,PODKARPACKIE,2017,9,86,542,265,468
18,PODKARPACKIE,2017,10,91,698,291,569
18,PODKARPACKIE,2017,11,99,554,258,479
18,PODKARPACKIE,2017,12,79,639,247,529
20,PODLASKIE,2017,1,70,572,211,468
20,PODLASKIE,2017,2,61,530,170,438
20,PODLASKIE,2017,3,66,468,188,364
20,PODLASKIE,2017,4,66,390,144,285
20,PODLASKIE,2017,5,50,417,181,316
20,PODLASKIE,2017,6,55,365,163,309
20,PODLASKIE,2017,7,65,374,176,354
20,PODLASKIE,2017,8,57,356,172,312
20,PODLASKIE,2017,9,52,363,145,340
20,PODLASKIE,2017,10,70,417,169,379
20,PODLASKIE,2017,11,66,364,177,301
20,PODLASKIE,2017,12,60,370,176,329
22,POMORSKIE,2017,1,171,884,344,721
22,POMORSKIE,2017,2,143,839,330,709
22,POMORSKIE,2017,3,147,737,343,661
22,POMORSKIE,2017,4,148,649,289,552
22,POMORSKIE,2017,5,136,651,311,567
22,POMORSKIE,2017,6,134,628,270,548
22,POMORSKIE,2017,7,124,648,286,561
22,POMORSKIE,2017,8,143,661,341,576
22,POMORSKIE,2017,9,137,629,309,550
22,POMORSKIE,2017,10,132,729,337,671
22,POMORSKIE,2017,11,156,648,295,560
22,POMORSKIE,2017,12,134,704,329,616
24,ŚLĄSKIE,2017,1,417,2425,915,2027
24,ŚLĄSKIE,2017,2,387,1973,725,1611
24,ŚLĄSKIE,2017,3,384,1721,755,1459
24,ŚLĄSKIE,2017,4,322,1543,697,1390
24,ŚLĄSKIE,2017,5,325,1520,751,1291
24,ŚLĄSKIE,2017,6,302,1420,686,1251
24,ŚLĄSKIE,2017,7,351,1512,702,1268
24,ŚLĄSKIE,2017,8,330,1471,721,1254
24,ŚLĄSKIE,2017,9,329,1470,715,1295
24,ŚLĄSKIE,2017,10,340,1773,737,1326
24,ŚLĄSKIE,2017,11,315,1497,722,1396
24,ŚLĄSKIE,2017,12,319,1576,716,1382
26,ŚWIĘTOKRZYSKIE,2017,1,89,757,215,533
26,ŚWIĘTOKRZYSKIE,2017,2,59,560,194,444
26,ŚWIĘTOKRZYSKIE,2017,3,64,534,197,388
26,ŚWIĘTOKRZYSKIE,2017,4,64,440,179,375
26,ŚWIĘTOKRZYSKIE,2017,5,61,437,197,367
26,ŚWIĘTOKRZYSKIE,2017,6,65,437,199,347
26,ŚWIĘTOKRZYSKIE,2017,7,74,422,188,370
26,ŚWIĘTOKRZYSKIE,2017,8,73,430,209,361
26,ŚWIĘTOKRZYSKIE,2017,9,73,392,202,332
26,ŚWIĘTOKRZYSKIE,2017,10,56,467,217,435
26,ŚWIĘTOKRZYSKIE,2017,11,62,418,202,341
26,ŚWIĘTOKRZYSKIE,2017,12,73,450,210,406
28,WARMIŃSKO-MAZURSKIE,2017,1,121,612,214,508
28,WARMIŃSKO-MAZURSKIE,2017,2,97,582,238,445
28,WARMIŃSKO-MAZURSKIE,2017,3,106,468,238,403
28,WARMIŃSKO-MAZURSKIE,2017,4,88,406,187,339
28,WARMIŃSKO-MAZURSKIE,2017,5,95,372,227,361
28,WARMIŃSKO-MAZURSKIE,2017,6,68,375,224,332
28,WARMIŃSKO-MAZURSKIE,2017,7,72,436,246,344
28,WARMIŃSKO-MAZURSKIE,2017,8,78,388,248,365
28,WARMIŃSKO-MAZURSKIE,2017,9,97,445,222,345
28,WARMIŃSKO-MAZURSKIE,2017,10,105,450,261,411
28,WARMIŃSKO-MAZURSKIE,2017,11,88,395,232,334
28,WARMIŃSKO-MAZURSKIE,2017,12,89,441,231,351
30,WIELKOPOLSKIE,2017,1,213,1393,559,1125
30,WIELKOPOLSKIE,2017,2,229,1403,456,1128
30,WIELKOPOLSKIE,2017,3,201,1139,480,948
30,WIELKOPOLSKIE,2017,4,223,950,484,861
30,WIELKOPOLSKIE,2017,5,205,981,445,926
30,WIELKOPOLSKIE,2017,6,189,977,447,812
30,WIELKOPOLSKIE,2017,7,214,1002,454,859
30,WIELKOPOLSKIE,2017,8,202,979,483,870
30,WIELKOPOLSKIE,2017,9,195,1003,482,817
30,WIELKOPOLSKIE,2017,10,188,1088,522,914
30,WIELKOPOLSKIE,2017,11,181,957,480,827
30,WIELKOPOLSKIE,2017,12,207,1076,507,924
32,ZACHODNIOPOMORSKIE,2017,1,141,658,267,547
32,ZACHODNIOPOMORSKIE,2017,2,113,691,272,559
32,ZACHODNIOPOMORSKIE,2017,3,129,643,262,491
32,ZACHODNIOPOMORSKIE,2017,4,125,516,267,476
32,ZACHODNIOPOMORSKIE,2017,5,119,509,273,453
32,ZACHODNIOPOMORSKIE,2017,6,96,530,238,442
32,ZACHODNIOPOMORSKIE,2017,7,133,512,254,451
32,ZACHODNIOPOMORSKIE,2017,8,126,480,276,470
32,ZACHODNIOPOMORSKIE,2017,9,103,478,241,481
32,ZACHODNIOPOMORSKIE,2017,10,107,546,272,487
32,ZACHODNIOPOMORSKIE,2017,11,112,529,243,481
32,ZACHODNIOPOMORSKIE,2017,12,122,566,296,520
2,DOLNOŚLĄSKIE,2016,1,244,1072,533,845
2,DOLNOŚLĄSKIE,2016,2,189,1002,533,832
2,DOLNOŚLĄSKIE,2016,3,229,1044,486,830
2,DOLNOŚLĄSKIE,2016,4,202,958,491,763
2,DOLNOŚLĄSKIE,2016,5,204,956,466,827
2,DOLNOŚLĄSKIE,2016,6,168,871,469,715
2,DOLNOŚLĄSKIE,2016,7,217,945,439,737
2,DOLNOŚLĄSKIE,2016,8,215,976,469,780
2,DOLNOŚLĄSKIE,2016,9,199,938,455,736
2,DOLNOŚLĄSKIE,2016,10,210,992,494,866
2,DOLNOŚLĄSKIE,2016,11,227,1013,460,805
2,DOLNOŚLĄSKIE,2016,12,215,1058,484,829
4,KUJAWSKO-POMORSKIE,2016,1,151,689,325,610
4,KUJAWSKO-POMORSKIE,2016,2,138,606,302,559
4,KUJAWSKO-POMORSKIE,2016,3,154,784,375,618
4,KUJAWSKO-POMORSKIE,2016,4,138,665,322,538
4,KUJAWSKO-POMORSKIE,2016,5,158,662,319,580
4,KUJAWSKO-POMORSKIE,2016,6,113,602,281,486
4,KUJAWSKO-POMORSKIE,2016,7,160,574,319,501
4,KUJAWSKO-POMORSKIE,2016,8,143,606,277,512
4,KUJAWSKO-POMORSKIE,2016,9,140,568,328,510
4,KUJAWSKO-POMORSKIE,2016,10,136,659,323,565
4,KUJAWSKO-POMORSKIE,2016,11,143,621,331,567
4,KUJAWSKO-POMORSKIE,2016,12,141,678,309,587
6,LUBELSKIE,2016,1,133,861,347,686
6,LUBELSKIE,2016,2,101,778,339,621
6,LUBELSKIE,2016,3,119,803,320,632
6,LUBELSKIE,2016,4,133,656,335,601
6,LUBELSKIE,2016,5,111,722,327,645
6,LUBELSKIE,2016,6,101,678,307,607
6,LUBELSKIE,2016,7,103,705,291,583
6,LUBELSKIE,2016,8,112,647,300,557
6,LUBELSKIE,2016,9,113,666,303,562
6,LUBELSKIE,2016,10,110,798,347,667
6,LUBELSKIE,2016,11,104,700,322,628
6,LUBELSKIE,2016,12,117,856,338,699
8,LUBUSKIE,2016,1,65,338,181,291
8,LUBUSKIE,2016,2,62,306,186,268
8,LUBUSKIE,2016,3,74,326,224,294
8,LUBUSKIE,2016,4,68,332,158,255
8,LUBUSKIE,2016,5,65,315,176,263
8,LUBUSKIE,2016,6,70,250,149,266
8,LUBUSKIE,2016,7,75,267,184,259
8,LUBUSKIE,2016,8,81,299,186,232
8,LUBUSKIE,2016,9,60,259,153,251
8,LUBUSKIE,2016,10,72,309,158,292
8,LUBUSKIE,2016,11,72,277,181,269
8,LUBUSKIE,2016,12,66,353,186,281
10,ŁÓDZKIE,2016,1,222,1066,537,845
10,ŁÓDZKIE,2016,2,209,1028,444,826
10,ŁÓDZKIE,2016,3,211,1093,463,811
10,ŁÓDZKIE,2016,4,193,1014,496,743
10,ŁÓDZKIE,2016,5,196,954,449,776
10,ŁÓDZKIE,2016,6,167,950,454,686
10,ŁÓDZKIE,2016,7,198,884,439,712
10,ŁÓDZKIE,2016,8,173,925,441,722
10,ŁÓDZKIE,2016,9,192,917,433,727
10,ŁÓDZKIE,2016,10,169,975,482,788
10,ŁÓDZKIE,2016,11,193,958,465,808
10,ŁÓDZKIE,2016,12,215,1120,484,828
12,MAŁOPOLSKIE,2016,1,189,1182,410,1004
12,MAŁOPOLSKIE,2016,2,183,1049,377,829
12,MAŁOPOLSKIE,2016,3,162,1088,455,956
12,MAŁOPOLSKIE,2016,4,158,1067,404,867
12,MAŁOPOLSKIE,2016,5,165,1028,451,861
12,MAŁOPOLSKIE,2016,6,143,989,434,831
12,MAŁOPOLSKIE,2016,7,163,975,417,842
12,MAŁOPOLSKIE,2016,8,135,1008,436,766
12,MAŁOPOLSKIE,2016,9,151,949,439,801
12,MAŁOPOLSKIE,2016,10,164,1056,436,944
12,MAŁOPOLSKIE,2016,11,167,1064,414,887
12,MAŁOPOLSKIE,2016,12,163,1150,434,1000
14,MAZOWIECKIE,2016,1,343,2117,857,1672
14,MAZOWIECKIE,2016,2,354,1955,805,1599
14,MAZOWIECKIE,2016,3,347,1948,905,1650
14,MAZOWIECKIE,2016,4,269,1785,775,1458
14,MAZOWIECKIE,2016,5,334,1847,814,1464
14,MAZOWIECKIE,2016,6,312,1694,789,1383
14,MAZOWIECKIE,2016,7,349,1739,821,1391
14,MAZOWIECKIE,2016,8,350,1724,775,1398
14,MAZOWIECKIE,2016,9,324,1723,800,1418
14,MAZOWIECKIE,2016,10,330,1892,803,1576
14,MAZOWIECKIE,2016,11,297,1806,795,1484
14,MAZOWIECKIE,2016,12,364,2101,928,1754
16,OPOLSKIE,2016,1,64,388,158,300
16,OPOLSKIE,2016,2,58,351,137,297
16,OPOLSKIE,2016,3,60,344,151,292
16,OPOLSKIE,2016,4,59,341,139,265
16,OPOLSKIE,2016,5,54,332,148,270
16,OPOLSKIE,2016,6,51,304,135,263
16,OPOLSKIE,2016,7,55,302,118,260
16,OPOLSKIE,2016,8,53,322,135,237
16,OPOLSKIE,2016,9,42,317,139,271
16,OPOLSKIE,2016,10,56,366,140,295
16,OPOLSKIE,2016,11,80,344,133,298
16,OPOLSKIE,2016,12,86,375,178,299
18,PODKARPACKIE,2016,1,108,728,261,595
18,PODKARPACKIE,2016,2,89,722,249,545
18,PODKARPACKIE,2016,3,79,678,246,601
18,PODKARPACKIE,2016,4,95,642,259,545
18,PODKARPACKIE,2016,5,103,623,267,531
18,PODKARPACKIE,2016,6,70,632,227,530
18,PODKARPACKIE,2016,7,99,587,232,490
18,PODKARPACKIE,2016,8,96,593,249,532
18,PODKARPACKIE,2016,9,105,563,249,471
18,PODKARPACKIE,2016,10,101,671,294,530
18,PODKARPACKIE,2016,11,80,623,257,519
18,PODKARPACKIE,2016,12,100,687,265,583
20,PODLASKIE,2016,1,73,403,173,371
20,PODLASKIE,2016,2,69,403,168,351
20,PODLASKIE,2016,3,56,427,177,365
20,PODLASKIE,2016,4,64,392,142,348
20,PODLASKIE,2016,5,66,381,179,336
20,PODLASKIE,2016,6,54,394,164,311
20,PODLASKIE,2016,7,65,385,212,320
20,PODLASKIE,2016,8,64,382,192,311
20,PODLASKIE,2016,9,53,385,159,343
20,PODLASKIE,2016,10,66,428,167,347
20,PODLASKIE,2016,11,64,427,157,339
20,PODLASKIE,2016,12,58,457,170,386
22,POMORSKIE,2016,1,162,760,338,643
22,POMORSKIE,2016,2,125,726,319,597
22,POMORSKIE,2016,3,163,722,327,614
22,POMORSKIE,2016,4,154,640,338,598
22,POMORSKIE,2016,5,143,686,324,586
22,POMORSKIE,2016,6,126,627,264,579
22,POMORSKIE,2016,7,133,596,350,559
22,POMORSKIE,2016,8,139,642,332,575
22,POMORSKIE,2016,9,130,630,294,565
22,POMORSKIE,2016,10,160,683,345,619
22,POMORSKIE,2016,11,157,713,306,580
22,POMORSKIE,2016,12,139,767,324,662
24,ŚLĄSKIE,2016,1,398,1775,859,1409
24,ŚLĄSKIE,2016,2,392,1568,714,1303
24,ŚLĄSKIE,2016,3,404,1717,778,1430
24,ŚLĄSKIE,2016,4,342,1535,748,1312
24,ŚLĄSKIE,2016,5,325,1531,796,1299
24,ŚLĄSKIE,2016,6,320,1428,733,1244
24,ŚLĄSKIE,2016,7,314,1455,710,1250
24,ŚLĄSKIE,2016,8,352,1468,709,1204
24,ŚLĄSKIE,2016,9,328,1450,736,1248
24,ŚLĄSKIE,2016,10,337,1600,788,1338
24,ŚLĄSKIE,2016,11,343,1644,747,1329
24,ŚLĄSKIE,2016,12,379,1763,841,1480
26,ŚWIĘTOKRZYSKIE,2016,1,87,501,192,387
26,ŚWIĘTOKRZYSKIE,2016,2,84,436,176,375
26,ŚWIĘTOKRZYSKIE,2016,3,70,510,213,422
26,ŚWIĘTOKRZYSKIE,2016,4,67,465,191,374
26,ŚWIĘTOKRZYSKIE,2016,5,78,461,189,423
26,ŚWIĘTOKRZYSKIE,2016,6,74,450,199,352
26,ŚWIĘTOKRZYSKIE,2016,7,78,473,198,353
26,ŚWIĘTOKRZYSKIE,2016,8,69,403,203,350
26,ŚWIĘTOKRZYSKIE,2016,9,72,433,192,353
26,ŚWIĘTOKRZYSKIE,2016,10,73,472,226,412
26,ŚWIĘTOKRZYSKIE,2016,11,65,441,202,417
26,ŚWIĘTOKRZYSKIE,2016,12,95,563,236,487
28,WARMIŃSKO-MAZURSKIE,2016,1,106,479,266,385
28,WARMIŃSKO-MAZURSKIE,2016,2,103,404,206,376
28,WARMIŃSKO-MAZURSKIE,2016,3,85,456,248,425
28,WARMIŃSKO-MAZURSKIE,2016,4,98,401,236,362
28,WARMIŃSKO-MAZURSKIE,2016,5,98,421,228,405
28,WARMIŃSKO-MAZURSKIE,2016,6,102,384,233,344
28,WARMIŃSKO-MAZURSKIE,2016,7,112,364,245,370
28,WARMIŃSKO-MAZURSKIE,2016,8,87,418,229,366
28,WARMIŃSKO-MAZURSKIE,2016,9,75,394,225,363
28,WARMIŃSKO-MAZURSKIE,2016,10,102,461,243,393
28,WARMIŃSKO-MAZURSKIE,2016,11,102,431,229,368
28,WARMIŃSKO-MAZURSKIE,2016,12,97,442,255,367
30,WIELKOPOLSKIE,2016,1,217,1136,557,948
30,WIELKOPOLSKIE,2016,2,218,1084,493,873
30,WIELKOPOLSKIE,2016,3,268,1117,483,934
30,WIELKOPOLSKIE,2016,4,220,1027,490,882
30,WIELKOPOLSKIE,2016,5,239,1041,495,872
30,WIELKOPOLSKIE,2016,6,217,998,460,810
30,WIELKOPOLSKIE,2016,7,168,999,481,850
30,WIELKOPOLSKIE,2016,8,198,962,493,819
30,WIELKOPOLSKIE,2016,9,230,956,449,818
30,WIELKOPOLSKIE,2016,10,202,1068,512,933
30,WIELKOPOLSKIE,2016,11,207,1055,478,913
30,WIELKOPOLSKIE,2016,12,223,1184,501,952
32,ZACHODNIOPOMORSKIE,2016,1,136,578,313,501
32,ZACHODNIOPOMORSKIE,2016,2,116,594,307,458
32,ZACHODNIOPOMORSKIE,2016,3,140,574,334,493
32,ZACHODNIOPOMORSKIE,2016,4,117,498,252,457
32,ZACHODNIOPOMORSKIE,2016,5,121,527,306,455
32,ZACHODNIOPOMORSKIE,2016,6,114,455,282,403
32,ZACHODNIOPOMORSKIE,2016,7,114,491,251,408
32,ZACHODNIOPOMORSKIE,2016,8,133,480,278,468
32,ZACHODNIOPOMORSKIE,2016,9,109,438,265,429
32,ZACHODNIOPOMORSKIE,2016,10,113,538,314,492
32,ZACHODNIOPOMORSKIE,2016,11,117,537,275,477
32,ZACHODNIOPOMORSKIE,2016,12,121,597,296,471
2,DOLNOŚLĄSKIE,2015,9,208,816,463,697
2,DOLNOŚLĄSKIE,2015,10,203,1001,534,745
2,DOLNOŚLĄSKIE,2015,11,212,927,474,772
2,DOLNOŚLĄSKIE,2015,12,206,1020,501,834
4,KUJAWSKO-POMORSKIE,2015,9,126,520,286,492
4,KUJAWSKO-POMORSKIE,2015,10,149,598,322,530
4,KUJAWSKO-POMORSKIE,2015,11,144,599,321,516
4,KUJAWSKO-POMORSKIE,2015,12,146,690,305,587
6,LUBELSKIE,2015,9,109,597,284,489
6,LUBELSKIE,2015,10,93,705,332,625
6,LUBELSKIE,2015,11,115,752,293,598
6,LUBELSKIE,2015,12,111,779,348,648
8,LUBUSKIE,2015,9,56,261,148,208
8,LUBUSKIE,2015,10,63,293,152,273
8,LUBUSKIE,2015,11,73,309,178,245
8,LUBUSKIE,2015,12,85,317,176,241
10,ŁÓDZKIE,2015,9,162,879,395,626
10,ŁÓDZKIE,2015,10,187,941,453,757
10,ŁÓDZKIE,2015,11,218,952,504,763
10,ŁÓDZKIE,2015,12,194,1022,522,779
12,MAŁOPOLSKIE,2015,9,172,926,419,777
12,MAŁOPOLSKIE,2015,10,221,1030,390,903
12,MAŁOPOLSKIE,2015,11,151,1020,404,803
12,MAŁOPOLSKIE,2015,12,176,1055,468,879
14,MAZOWIECKIE,2015,9,357,1613,755,1279
14,MAZOWIECKIE,2015,10,372,1852,842,1515
14,MAZOWIECKIE,2015,11,310,1853,859,1511
14,MAZOWIECKIE,2015,12,352,1834,854,1507
16,OPOLSKIE,2015,9,59,310,153,236
16,OPOLSKIE,2015,10,59,347,142,274
16,OPOLSKIE,2015,11,64,344,127,293
16,OPOLSKIE,2015,12,56,349,164,298
18,PODKARPACKIE,2015,9,108,580,242,481
18,PODKARPACKIE,2015,10,88,640,242,520
18,PODKARPACKIE,2015,11,110,660,267,513
18,PODKARPACKIE,2015,12,98,596,276,505
20,PODLASKIE,2015,9,63,369,172,331
20,PODLASKIE,2015,10,61,414,182,375
20,PODLASKIE,2015,11,54,386,160,337
20,PODLASKIE,2015,12,66,373,171,347
22,POMORSKIE,2015,9,143,624,297,512
22,POMORSKIE,2015,10,144,662,327,542
22,POMORSKIE,2015,11,136,700,342,555
22,POMORSKIE,2015,12,171,699,333,580
24,ŚLĄSKIE,2015,9,373,1322,691,1160
24,ŚLĄSKIE,2015,10,350,1562,779,1260
24,ŚLĄSKIE,2015,11,381,1525,784,1319
24,ŚLĄSKIE,2015,12,398,1579,796,1329
26,ŚWIĘTOKRZYSKIE,2015,9,60,355,170,353
26,ŚWIĘTOKRZYSKIE,2015,10,75,467,227,383
26,ŚWIĘTOKRZYSKIE,2015,11,54,433,221,411
26,ŚWIĘTOKRZYSKIE,2015,12,72,439,209,422
28,WARMIŃSKO-MAZURSKIE,2015,9,72,379,211,301
28,WARMIŃSKO-MAZURSKIE,2015,10,81,394,238,384
28,WARMIŃSKO-MAZURSKIE,2015,11,94,417,231,324
28,WARMIŃSKO-MAZURSKIE,2015,12,90,408,258,362
30,WIELKOPOLSKIE,2015,9,188,893,465,724
30,WIELKOPOLSKIE,2015,10,209,1007,483,855
30,WIELKOPOLSKIE,2015,11,221,1128,505,843
30,WIELKOPOLSKIE,2015,12,227,1029,503,883
32,ZACHODNIOPOMORSKIE,2015,9,127,477,249,389
32,ZACHODNIOPOMORSKIE,2015,10,110,521,284,456
32,ZACHODNIOPOMORSKIE,2015,11,141,522,290,414
32,ZACHODNIOPOMORSKIE,2015,12,132,541,292,460
